{
  "avg_fps": 15.733078262425638,
  "ear_mean": 0.28114012738853505,
  "mar_mean": 0.0646656050955414,
  "drowsy_pct": 53.503184713375795,
  "yawn_pct": 2.547770700636943,
  "phone_pct": 0.0,
  "safe_pct": 9.872611464968154,
  "warn_pct": 15.286624203821656,
  "crit_pct": 74.84076433121018,
  "best_ear_threshold": 0.15,
  "best_f1": 0.7184466014448109
}